{
  "UC_02_sendComment" : {
    "transaction" : "UC_02_sendComment",
    "sampleCount" : 1802,
    "errorCount" : 88,
    "errorPct" : 4.883463,
    "meanResTime" : 46.298557158712526,
    "medianResTime" : 39.0,
    "minResTime" : 31.0,
    "maxResTime" : 183.0,
    "pct1ResTime" : 70.0,
    "pct2ResTime" : 91.0,
    "pct3ResTime" : 120.97000000000003,
    "throughput" : 5.989875050275726,
    "receivedKBytesPerSec" : 260.8277159643715,
    "sentKBytesPerSec" : 14.30829727642675
  },
  "JDBC_DELETE_BOOK" : {
    "transaction" : "JDBC_DELETE_BOOK",
    "sampleCount" : 15,
    "errorCount" : 0,
    "errorPct" : 0.0,
    "meanResTime" : 29.133333333333333,
    "medianResTime" : 7.0,
    "minResTime" : 3.0,
    "maxResTime" : 314.0,
    "pct1ResTime" : 139.4000000000001,
    "pct2ResTime" : 314.0,
    "pct3ResTime" : 314.0,
    "throughput" : 0.053009902249740254,
    "receivedKBytesPerSec" : 5.487353162570768E-4,
    "sentKBytesPerSec" : 0.0
  },
  "UC_03_clearGuestbookHistory" : {
    "transaction" : "UC_03_clearGuestbookHistory",
    "sampleCount" : 16,
    "errorCount" : 0,
    "errorPct" : 0.0,
    "meanResTime" : 62.812499999999986,
    "medianResTime" : 34.0,
    "minResTime" : 26.0,
    "maxResTime" : 474.0,
    "pct1ResTime" : 180.7000000000003,
    "pct2ResTime" : 474.0,
    "pct3ResTime" : 474.0,
    "throughput" : 0.060731434210776036,
    "receivedKBytesPerSec" : 2.1011133898578507,
    "sentKBytesPerSec" : 0.0648829970962783
  },
  "connect_to_server" : {
    "transaction" : "connect_to_server",
    "sampleCount" : 1818,
    "errorCount" : 0,
    "errorPct" : 0.0,
    "meanResTime" : 10.136413641364149,
    "medianResTime" : 10.0,
    "minResTime" : 7.0,
    "maxResTime" : 111.0,
    "pct1ResTime" : 11.0,
    "pct2ResTime" : 12.0,
    "pct3ResTime" : 17.0,
    "throughput" : 6.044144195061622,
    "receivedKBytesPerSec" : 133.70990816902827,
    "sentKBytesPerSec" : 2.095382020748902
  },
  "click_guestbook" : {
    "transaction" : "click_guestbook",
    "sampleCount" : 1818,
    "errorCount" : 0,
    "errorPct" : 0.0,
    "meanResTime" : 16.520902090209,
    "medianResTime" : 12.0,
    "minResTime" : 9.0,
    "maxResTime" : 101.0,
    "pct1ResTime" : 31.100000000000136,
    "pct2ResTime" : 45.0,
    "pct3ResTime" : 82.0,
    "throughput" : 6.045732072309351,
    "receivedKBytesPerSec" : 57.826702809494584,
    "sentKBytesPerSec" : 4.3630820326529385
  },
  "create_COMMENT_1" : {
    "transaction" : "create_COMMENT_1",
    "sampleCount" : 1802,
    "errorCount" : 87,
    "errorPct" : 4.827969,
    "meanResTime" : 6.794672586015532,
    "medianResTime" : 4.0,
    "minResTime" : 3.0,
    "maxResTime" : 97.0,
    "pct1ResTime" : 11.700000000000045,
    "pct2ResTime" : 20.0,
    "pct3ResTime" : 52.0,
    "throughput" : 5.993600617320907,
    "receivedKBytesPerSec" : 1.853362014558263,
    "sentKBytesPerSec" : 3.7113331219192163
  },
  "create_COMMENT_2" : {
    "transaction" : "create_COMMENT_2",
    "sampleCount" : 1802,
    "errorCount" : 88,
    "errorPct" : 4.883463,
    "meanResTime" : 5.107103218645958,
    "medianResTime" : 4.0,
    "minResTime" : 2.0,
    "maxResTime" : 86.0,
    "pct1ResTime" : 7.0,
    "pct2ResTime" : 10.0,
    "pct3ResTime" : 24.88000000000011,
    "throughput" : 5.993839849388974,
    "receivedKBytesPerSec" : 33.463479300131056,
    "sentKBytesPerSec" : 1.8613682344782165
  },
  "Total" : {
    "transaction" : "Total",
    "sampleCount" : 10875,
    "errorCount" : 175,
    "errorPct" : 1.6091954,
    "meanResTime" : 7.764045977011493,
    "medianResTime" : 7.0,
    "minResTime" : 2.0,
    "maxResTime" : 314.0,
    "pct1ResTime" : 10.0,
    "pct2ResTime" : 12.0,
    "pct3ResTime" : 49.23999999999978,
    "throughput" : 36.14878340646191,
    "receivedKBytesPerSec" : 262.66859369286834,
    "sentKBytesPerSec" : 14.365164908049131
  },
  "click_clients" : {
    "transaction" : "click_clients",
    "sampleCount" : 1802,
    "errorCount" : 0,
    "errorPct" : 0.0,
    "meanResTime" : 7.818534961154262,
    "medianResTime" : 8.0,
    "minResTime" : 6.0,
    "maxResTime" : 18.0,
    "pct1ResTime" : 9.0,
    "pct2ResTime" : 9.0,
    "pct3ResTime" : 13.0,
    "throughput" : 5.993122210471002,
    "receivedKBytesPerSec" : 35.906059337148044,
    "sentKBytesPerSec" : 2.3410633634652354
  },
  "create_COMMENT" : {
    "transaction" : "create_COMMENT",
    "sampleCount" : 1802,
    "errorCount" : 88,
    "errorPct" : 4.883463,
    "meanResTime" : 11.90177580466148,
    "medianResTime" : 9.0,
    "minResTime" : 5.0,
    "maxResTime" : 102.0,
    "pct1ResTime" : 18.0,
    "pct2ResTime" : 30.0,
    "pct3ResTime" : 67.97000000000003,
    "throughput" : 5.993461074100066,
    "receivedKBytesPerSec" : 35.31468347033702,
    "sentKBytesPerSec" : 5.57249732152657
  },
  "click_guestbook_2" : {
    "transaction" : "click_guestbook_2",
    "sampleCount" : 1818,
    "errorCount" : 0,
    "errorPct" : 0.0,
    "meanResTime" : 9.127612761276133,
    "medianResTime" : 4.0,
    "minResTime" : 2.0,
    "maxResTime" : 89.0,
    "pct1ResTime" : 24.0,
    "pct2ResTime" : 38.0,
    "pct3ResTime" : 72.0,
    "throughput" : 6.0461140913036395,
    "receivedKBytesPerSec" : 33.548838173536446,
    "sentKBytesPerSec" : 2.031116452547316
  },
  "click_guestbook_1" : {
    "transaction" : "click_guestbook_1",
    "sampleCount" : 1818,
    "errorCount" : 0,
    "errorPct" : 0.0,
    "meanResTime" : 7.392189218921888,
    "medianResTime" : 7.0,
    "minResTime" : 6.0,
    "maxResTime" : 18.0,
    "pct1ResTime" : 8.0,
    "pct2ResTime" : 9.0,
    "pct3ResTime" : 12.0,
    "throughput" : 6.046154306637799,
    "receivedKBytesPerSec" : 24.281680108800845,
    "sentKBytesPerSec" : 2.3322567882050103
  }
}